"omm_id","Date","Tmax","Tmin","Precip","Nub","Sunabs","Solrad"
87585,2012-01-10,NA,NA,11,5,5.2,22.08987774
87585,2012-01-11,NA,NA,0,8,0,9.19939842
87585,2012-01-12,NA,NA,0,1,13.8,31.42503942
87585,2012-01-13,NA,NA,0,1,12.5,31.07574792
87585,2012-01-14,NA,NA,0,1,12.5,31.5026313
87585,2012-01-15,NA,NA,0,0,13,31.88798766
87585,2012-01-16,NA,NA,0,0,13.3,31.035372
87585,2012-01-17,NA,NA,0,2,11.5,30.3927624
87585,2012-01-18,NA,NA,0,3,NA,29.20498362
87585,2012-01-19,NA,NA,0,3,8.7,20.96902356
87585,2012-01-20,NA,NA,0,3,NA,29.36507616
87585,2012-01-21,NA,NA,4,4,NA,23.71323756
87585,2012-01-22,NA,NA,0,4,9.7,19.6394844
87585,2012-01-23,NA,NA,7,4,11.9,29.08910388
87585,2012-01-24,NA,NA,0,4,9.8,24.67356312
87585,2012-01-25,NA,NA,0,1,12.7,31.18195488
87585,2012-01-26,NA,NA,0,2,11,30.76240422
87585,2012-01-27,NA,NA,0,1,12.7,31.0129179
87585,2012-01-28,NA,NA,0,0,12.1,31.01254536
87585,2012-01-29,NA,NA,17,2,9.9,29.40319254
87585,2012-01-30,NA,NA,14,8,0,6.31821911999999
87585,2012-01-31,NA,NA,0.8,7,2.3,10.99080942
87585,2012-02-01,NA,NA,24,6,9.9,NA
87585,2012-02-02,NA,NA,5,5,10,22.25853462
87585,2012-02-03,NA,NA,0,4,9.5,22.48714356
87585,2012-02-04,NA,NA,0,4,10.4,26.79056892
87585,2012-02-05,NA,NA,0,5,4.9,12.42775488
87585,2012-02-06,NA,NA,0,3,10.8,NA
87585,2012-02-07,NA,NA,23,6,6.9,23.44157754
87585,2012-02-08,NA,NA,0,7,NA,20.08866222
87585,2012-02-09,NA,NA,0,1,9.7,25.33169946
87585,2012-02-10,NA,NA,0,1,11.3,25.5161394
87585,2012-02-11,NA,NA,0,1,10.4,28.92831228
87585,2012-02-12,NA,NA,0,1,11,28.56211572
87585,2012-02-13,NA,NA,0,1,11.4,29.2119129
87585,2012-02-14,NA,NA,0,4,10.8,26.42140302
87585,2012-02-15,NA,NA,0,2,9,23.39993058
87585,2012-02-16,NA,NA,12,NA,5.2,NA
87585,2012-02-17,NA,NA,0,7,0.8,NA
87585,2012-02-18,NA,NA,12,6,7.9,NA
87585,2012-02-19,NA,NA,2,7,1.7,NA
87585,2012-02-20,NA,NA,7,6,0.9,NA
87585,2012-02-21,NA,NA,0,NA,NA,20.52020718
87585,2012-02-22,NA,NA,0,3,10.6,26.6068572
87585,2012-02-23,NA,NA,0,1,11.1,27.6379227
87585,2012-02-24,NA,NA,0.8,5,6.7,20.61159984
87585,2012-02-25,NA,NA,0.5,7,6.2,NA
87585,2012-02-26,NA,NA,0,0,NA,NA
87585,2012-02-27,NA,NA,42,3,9.1,NA
87585,2012-02-28,23,NA,2,7,1.6,8.38560948
87585,2012-02-29,NA,NA,6,6,6.3,16.08112362
87585,2012-03-01,NA,NA,0,4,8.2,21.11317278
87585,2012-03-02,NA,NA,0,3,10.7,NA
87585,2012-03-03,NA,NA,0,1,11.2,NA
87585,2012-03-04,NA,NA,0,0,11.1,24.64750446
87585,2012-03-05,NA,NA,23,8,3.3,9.03379247999996
87585,2012-03-06,NA,NA,0,6,3.9,16.77953958
87585,2012-03-07,NA,NA,0,2,5.2,14.64161592
87585,2012-03-08,NA,NA,0,5,4.8,12.24799764
87585,2012-03-09,NA,NA,3,3,9.4,20.02678188
87585,2012-03-10,NA,NA,0,4,6.6,15.71603712
87585,2012-03-11,NA,NA,20,3,10,21.44456274
87585,2012-03-12,NA,NA,34,7,1.9,6.16128882
87585,2012-03-13,NA,NA,0,4,11.4,NA
87585,2012-03-14,NA,NA,0,2,10.3,NA
87585,2012-03-15,NA,NA,0,1,10.1,23.22767406
87585,2012-03-16,NA,NA,0,2,10,23.66435256
87585,2012-03-17,NA,NA,0,1,10.8,23.15140836
87585,2012-03-18,NA,NA,0,2,10,22.2895203
87585,2012-03-19,NA,NA,9,7,6.6,15.37112826
87585,2012-03-20,NA,NA,0,6,0.2,4.7440518
87585,2012-03-21,NA,NA,0,5,6.4,13.3441833
87585,2012-03-22,NA,NA,0,4,9,16.87160328
87585,2012-03-23,NA,NA,0,1,9.2,21.53005098
87585,2012-03-24,NA,NA,0,2,9.8,22.20044142
87585,2012-03-25,NA,NA,0,6,1.9,10.06122522
87585,2012-03-26,NA,NA,0,4,4.9,13.47918456
87585,2012-03-27,NA,NA,0,3,8.3,NA
87585,2012-03-28,NA,NA,0,2,9.1,NA
87585,2012-03-29,NA,NA,0,0,9.4,NA
87585,2012-03-30,NA,NA,0,0,8.4,NA
87585,2012-03-31,NA,NA,0,0,9.6,NA
87585,2012-04-01,NA,NA,0,0,9.2,NA
87585,2012-04-02,NA,NA,0,6,5.7,NA
87585,2012-04-03,NA,NA,0,3,5.7,NA
87585,2012-04-04,NA,NA,35,6,NA,NA
87585,2012-04-05,NA,NA,0,3,9.1,NA
87585,2012-04-06,NA,NA,0,5,8.3,NA
87585,2012-04-07,NA,NA,0,1,NA,NA
87585,2012-04-08,NA,NA,0,2,NA,NA
87585,2012-04-09,NA,NA,0,1,8.6,NA
87585,2012-04-10,NA,NA,0,4,5.5,NA
87585,2012-04-11,NA,NA,0,5,3.8,NA
87585,2012-04-12,NA,NA,0,4,NA,NA
87585,2012-04-13,NA,NA,0,6,4.5,NA
87585,2012-04-14,NA,NA,5,4,4.3,NA
87585,2012-04-15,NA,NA,0,0,NA,NA
87585,2012-04-16,NA,NA,4,2,8.6,NA
87585,2012-04-17,NA,NA,0,3,8.1,NA
87585,2012-04-18,NA,NA,0,1,7.2,NA
87585,2012-04-19,NA,NA,0,0,9.3,NA
87585,2012-04-20,NA,NA,0,3,8.2,NA
87585,2012-04-21,NA,NA,0,0,NA,NA
87585,2012-04-22,NA,NA,0,3,7.6,NA
87585,2012-04-23,NA,NA,0,NA,5.8,NA
87585,2012-04-24,NA,NA,0.1,1,NA,NA
87585,2012-04-25,NA,NA,0,8,0,NA
87585,2012-04-26,NA,NA,0,4,7.7,NA
87585,2012-04-27,NA,NA,3,5,NA,NA
87585,2012-04-28,NA,NA,0.5,8,NA,NA
87585,2012-04-29,NA,NA,0,8,0.2,NA
87585,2012-04-30,NA,NA,0,1,10.5,NA
87585,2012-05-01,NA,NA,0,3,NA,NA
87585,2012-05-02,NA,NA,0,NA,9.2,NA
87585,2012-05-03,NA,NA,0,2,9.6,NA
87585,2012-05-04,NA,NA,0,6,8.6,NA
87585,2012-05-05,NA,NA,0,3,NA,NA
87585,2012-05-06,NA,NA,0,4,3.6,NA
87585,2012-05-07,NA,NA,0,7,5.5,NA
87585,2012-05-08,NA,NA,3,5,NA,NA
87585,2012-05-09,NA,NA,35,7,2.1,NA
87585,2012-05-10,NA,NA,0,5,4.9,NA
87585,2012-05-11,NA,NA,0,4,5.2,NA
87585,2012-05-12,NA,NA,0,3,8.3,NA
87585,2012-05-13,NA,NA,0,2,9.7,NA
87585,2012-05-14,NA,NA,0,4,8.3,NA
87585,2012-05-15,NA,NA,0,1,9,NA
87585,2012-05-16,NA,NA,0,4,8.7,NA
87585,2012-05-17,NA,NA,0,4,8.2,NA
87585,2012-05-18,NA,NA,10,8,0,NA
87585,2012-05-19,NA,NA,0,8,0,NA
87585,2012-05-20,NA,NA,6,8,0.5,NA
87585,2012-05-21,NA,NA,31,8,0,NA
87585,2012-05-22,NA,NA,0.6,8,0,NA
87585,2012-05-23,NA,NA,4,8,0.1,NA
87585,2012-05-24,NA,NA,0,7,0.5,NA
87585,2012-05-25,NA,NA,0,7,1,NA
87585,2012-05-26,NA,NA,0,8,0,NA
87585,2012-05-27,NA,NA,0,8,1.3,NA
87585,2012-05-28,NA,NA,0,7,NA,NA
87585,2012-05-29,NA,NA,0,4,7.6,NA
87585,2012-05-30,NA,NA,0,2,8.5,NA
87585,2012-05-31,NA,NA,0,3,4.3,NA
87585,2012-06-01,NA,NA,0,5,6,NA
87585,2012-06-02,NA,NA,0,1,NA,NA
87585,2012-06-03,NA,NA,0,1,7.4,NA
87585,2012-06-04,NA,NA,0,5,0,NA
87585,2012-06-05,NA,NA,1,4,5.5,NA
87585,2012-06-06,NA,NA,0,5,4.3,NA
87585,2012-06-07,NA,NA,0,2,6.2,NA
87585,2012-06-08,NA,NA,0,0,7.9,NA
87585,2012-06-09,NA,NA,0,3,5.8,NA
87585,2012-06-10,NA,NA,0,4,NA,NA
87585,2012-06-11,NA,NA,0,4,6.7,NA
87585,2012-06-12,NA,NA,0,7,1.1,NA
87585,2012-06-13,NA,NA,0,7,0.9,NA
87585,2012-06-14,NA,NA,0,6,6.2,NA
87585,2012-06-15,NA,NA,0,7,0,NA
87585,2012-06-16,NA,NA,0,3,5.2,NA
87585,2012-06-17,NA,NA,0.6,8,0,NA
87585,2012-06-18,NA,NA,0,8,0,NA
87585,2012-06-19,NA,NA,0,NA,4.4,NA
87585,2012-06-20,NA,NA,0,5,4.8,NA
87585,2012-06-21,NA,NA,0,3,3.3,NA
87585,2012-06-22,NA,NA,0,1,9.3,NA
87585,2012-06-23,NA,NA,0,4,6.4,NA
87585,2012-06-24,NA,NA,0,1,7.8,NA
87585,2012-06-25,NA,NA,0,1,7.3,NA
87585,2012-06-26,NA,NA,0,0,9,NA
87585,2012-06-27,NA,NA,0,3,6.3,NA
87585,2012-06-28,NA,NA,3,8,0,NA
87585,2012-06-29,NA,NA,0,3,6.6,NA
87585,2012-06-30,NA,NA,0,8,0,NA
87585,2012-07-01,NA,NA,13,8,0,NA
87585,2012-07-02,NA,NA,0,8,0,NA
87585,2012-07-03,NA,NA,0,2,7,NA
87585,2012-07-04,NA,NA,7,6,0,NA
87585,2012-07-05,NA,NA,0,2,8,NA
87585,2012-07-06,NA,NA,0,3,7.5,NA
87585,2012-07-07,NA,NA,0,2,7.2,NA
87585,2012-07-08,NA,NA,0,1,NA,NA
87585,2012-07-09,NA,NA,0,3,6.8,NA
87585,2012-07-10,NA,NA,2,3,6.3,NA
87585,2012-07-11,NA,NA,3,3,5.2,NA
87585,2012-07-12,NA,NA,0,3,7.1,NA
87585,2012-07-13,NA,NA,0,2,NA,NA
87585,2012-07-14,NA,NA,0,2,8,NA
87585,2012-07-15,NA,NA,0,5,0.9,NA
87585,2012-07-16,NA,NA,0,2,7,NA
87585,2012-07-17,NA,NA,0,1,7.5,NA
87585,2012-07-18,NA,NA,0,3,8.7,NA
87585,2012-07-19,NA,NA,0,1,7.5,NA
87585,2012-07-20,NA,NA,0,6,5.8,NA
87585,2012-07-21,NA,NA,0,4,6.3,NA
87585,2012-07-22,NA,NA,0,1,8.6,NA
87585,2012-07-23,NA,NA,0,6,7.8,NA
87585,2012-07-24,NA,NA,0,0,8.6,NA
87585,2012-07-25,NA,NA,0,0,8.1,NA
87585,2012-07-26,NA,NA,0,1,8.4,NA
87585,2012-07-27,NA,NA,0,0,8,NA
87585,2012-07-28,NA,NA,0,2,NA,NA
87585,2012-07-29,NA,NA,0,0,8.8,NA
87585,2012-07-30,NA,NA,0,1,8.9,NA
87585,2012-07-31,NA,NA,0.7,8,1,NA
87585,2012-08-01,NA,NA,0,7,1.2,NA
87585,2012-08-02,NA,NA,60,7,0,NA
87585,2012-08-03,NA,NA,23,8,0,NA
87585,2012-08-04,NA,NA,0,6,NA,NA
87585,2012-08-05,NA,NA,0,7,5.4,NA
87585,2012-08-06,NA,NA,0,8,3.8,NA
87585,2012-08-07,NA,NA,25,8,1.1,NA
87585,2012-08-08,NA,NA,1,8,NA,NA
87585,2012-08-09,NA,NA,0,5,0,NA
87585,2012-08-10,NA,NA,0,4,5.8,NA
87585,2012-08-11,NA,NA,30,8,0,NA
87585,2012-08-12,NA,NA,0,3,8.5,NA
87585,2012-08-13,NA,NA,2,2,8.2,NA
87585,2012-08-14,NA,NA,47,8,0.3,NA
87585,2012-08-15,NA,NA,0.2,8,NA,NA
87585,2012-08-16,NA,NA,0.2,7,0.7,NA
87585,2012-08-17,NA,NA,50,8,0.2,NA
87585,2012-08-18,NA,NA,2,8,0,NA
87585,2012-08-19,NA,NA,0,3,9.7,NA
87585,2012-08-20,NA,NA,4,8,NA,NA
87585,2012-08-21,NA,NA,0,6,7,NA
87585,2012-08-22,NA,NA,0,6,7.1,NA
87585,2012-08-23,NA,NA,8,5,8.4,NA
87585,2012-08-24,NA,NA,1,8,0.4,NA
87585,2012-08-25,NA,NA,0,3,7.6,NA
87585,2012-08-26,NA,NA,0,5,5.9,NA
87585,2012-08-27,NA,NA,0,2,9.3,NA
87585,2012-08-28,NA,NA,0,2,9.9,NA
87585,2012-08-29,NA,NA,0,6,8.4,NA
87585,2012-08-30,NA,NA,0,6,6.4,NA
87585,2012-08-31,NA,NA,0,2,9.5,NA
87585,2012-09-01,NA,NA,0,4,8.1,NA
87585,2012-09-02,NA,NA,0,3,9,NA
87585,2012-09-03,NA,NA,0.3,7,4.5,NA
87585,2012-09-04,NA,NA,0,8,2.1,NA
87585,2012-09-05,NA,NA,0,8,0,NA
87585,2012-09-06,NA,NA,27,8,0,NA
87585,2012-09-07,NA,NA,0.9,8,0,NA
87585,2012-09-08,NA,NA,0,NA,NA,NA
87585,2012-09-09,NA,NA,0,4,9.2,NA
87585,2012-09-10,NA,NA,0,1,8.4,NA
87585,2012-09-11,NA,NA,0,5,9,NA
87585,2012-09-12,NA,NA,0,3,9.6,NA
87585,2012-09-13,NA,NA,0,0,NA,NA
87585,2012-09-14,NA,NA,0,1,10.3,NA
87585,2012-09-15,NA,NA,0,6,5.4,NA
87585,2012-09-16,NA,NA,0,4,9.3,NA
87585,2012-09-17,NA,NA,0,6,5.1,NA
87585,2012-09-18,NA,NA,42,8,0,NA
87585,2012-09-19,NA,NA,0,6,2.2,NA
87585,2012-09-20,NA,NA,0,4,6,NA
87585,2012-09-21,NA,NA,0,1,NA,NA
87585,2012-09-22,NA,NA,0,0,NA,NA
87585,2012-09-23,NA,NA,0,7,4.9,NA
87585,2012-09-24,NA,NA,0,6,7.2,NA
87585,2012-09-25,NA,NA,0,2,10.5,NA
87585,2012-09-26,NA,NA,0,1,9.7,NA
87585,2012-09-27,NA,NA,0,2,10.9,NA
87585,2012-09-28,NA,NA,0,6,2.4,NA
87585,2012-09-29,NA,NA,0,4,5,NA
87585,2012-09-30,NA,NA,0,3,NA,NA
87585,2012-10-01,NA,NA,2,5,7,NA
87585,2012-10-02,NA,NA,9,8,0,NA
87585,2012-10-03,NA,NA,0,5,0.2,NA
87585,2012-10-04,NA,NA,0,2,10.6,NA
87585,2012-10-05,NA,NA,51,7,9.5,NA
87585,2012-10-06,NA,NA,0,7,1.1,NA
87585,2012-10-07,NA,NA,13,8,0,NA
87585,2012-10-08,NA,NA,0,8,0.3,NA
87585,2012-10-09,NA,NA,0,7,2.8,NA
87585,2012-10-10,NA,NA,0,5,7.3,NA
87585,2012-10-11,NA,NA,0,3,7.5,NA
87585,2012-10-12,NA,NA,0,1,10.4,NA
87585,2012-10-13,NA,NA,0,1,10.7,NA
87585,2012-10-14,NA,NA,0,4,8.2,NA
87585,2012-10-15,NA,NA,30,8,2.6,NA
87585,2012-10-16,NA,NA,14,8,0,NA
87585,2012-10-17,NA,NA,0,5,6.2,NA
87585,2012-10-18,NA,NA,2,3,9.1,NA
87585,2012-10-19,NA,NA,0,6,1.8,NA
87585,2012-10-20,NA,NA,0.7,4,NA,NA
87585,2012-10-21,NA,NA,33,6,5.2,NA
87585,2012-10-22,NA,NA,17,8,0,NA
87585,2012-10-23,NA,NA,0,5,5.5,NA
87585,2012-10-24,NA,NA,0,3,11,NA
87585,2012-10-25,NA,NA,0,1,10.6,NA
87585,2012-10-26,NA,NA,0,2,NA,NA
87585,2012-10-27,NA,NA,0,5,NA,NA
87585,2012-10-28,NA,NA,65,6,7.8,NA
87585,2012-10-29,NA,NA,22,8,0,NA
87585,2012-10-30,NA,NA,0,6,8,NA
87585,2012-10-31,NA,NA,0,3,10.9,NA
87585,2012-11-01,NA,NA,0,4,11.8,NA
87585,2012-11-02,NA,NA,0,0,NA,NA
87585,2012-11-03,NA,NA,0,4,10.3,NA
87585,2012-11-04,NA,NA,0,3,11.2,NA
87585,2012-11-05,NA,NA,0,3,11.6,NA
87585,2012-11-06,NA,NA,0,3,11,NA
87585,2012-11-07,NA,NA,0,2,12,NA
87585,2012-11-08,NA,NA,0,3,11.4,NA
87585,2012-11-09,NA,NA,69,8,1.7,NA
87585,2012-11-10,NA,NA,0,5,3.9,NA
87585,2012-11-11,NA,NA,0,5,6.2,NA
87585,2012-11-12,NA,NA,0,2,9.8,NA
87585,2012-11-13,NA,NA,0,2,11,NA
87585,2012-11-14,NA,NA,0,3,10.4,NA
87585,2012-11-15,NA,NA,0,1,10.8,NA
87585,2012-11-16,NA,NA,0,3,8.5,NA
87585,2012-11-17,NA,NA,4,4,8.2,NA
87585,2012-11-18,NA,NA,0.3,NA,1.9,NA
87585,2012-11-19,NA,NA,0,2,10.9,NA
87585,2012-11-20,NA,NA,0,3,10.7,NA
87585,2012-11-21,NA,NA,10,6,NA,NA
87585,2012-11-22,NA,NA,24,6,2.9,NA
87585,2012-11-23,NA,NA,0,6,3.7,14.79201348
87585,2012-11-24,NA,NA,0,1,12.3,30.90764142
87585,2012-11-25,NA,NA,8,6,7.7,22.92448056
87585,2012-11-26,NA,NA,0,4,8,21.7331928
87585,2012-11-27,NA,NA,0,NA,11.6,27.99458772
87585,2012-11-28,NA,NA,0,6,8.2,25.32926538
87585,2012-11-29,NA,NA,23,4,10.2,29.87157528
87585,2012-11-30,NA,NA,0,5,6.6,20.4849477
87585,2012-12-01,NA,NA,0,1,NA,30.94559334
87585,2012-12-02,NA,NA,8,2,12.7,30.85778052
87585,2012-12-03,NA,NA,0,6,6.3,23.78521758
87585,2012-12-04,NA,NA,0,5,7.6,25.07011092
87585,2012-12-05,NA,NA,4,3,10.7,26.77611834
87585,2012-12-06,NA,NA,NA,NA,NA,2.82095484000001
87585,2012-12-07,NA,NA,NA,NA,NA,NA
87585,2012-12-08,NA,NA,NA,NA,NA,31.7919873
87585,2012-12-09,NA,NA,NA,NA,NA,31.05235836
87585,2012-12-10,NA,NA,36,NA,6.3,16.32593148
87585,2012-12-11,NA,NA,0,0,13.3,31.4395638
87585,2012-12-12,NA,NA,0,1,12.3,31.09667598
87585,2012-12-13,NA,NA,NA,0,NA,NA
87585,2012-12-14,NA,NA,NA,NA,NA,15.60299508
87585,2012-12-15,NA,NA,0.9,NA,8.1,26.34258912
87585,2012-12-16,NA,NA,6,6,2.4,7.36193514
87585,2012-12-17,NA,NA,0,6,7.5,22.91111244
87585,2012-12-18,NA,NA,0,6,5.3,19.12396344
87585,2012-12-19,NA,NA,65,6,2.1,12.6371049
87585,2012-12-20,NA,NA,0,NA,6,18.07979538
87585,2012-12-21,NA,NA,0,1,12.8,31.4285466
87585,2012-12-22,NA,NA,0,0,NA,31.88261388
87585,2012-12-23,NA,NA,0,NA,NA,31.714197
87585,2012-12-24,NA,NA,20,NA,11.1,27.55546428
87585,2012-12-25,NA,NA,0.2,3,6.7,22.62921696
87585,2012-12-26,NA,NA,0,3,11.7,31.15217544
87585,2012-12-27,NA,NA,0,NA,9.2,20.19266844
87585,2012-12-28,NA,NA,0,4,11.1,29.57316996
87585,2012-12-29,NA,NA,0,2,8.1,22.01843808
87585,2012-12-30,NA,NA,0,1,12.6,30.52154358
87585,2012-12-31,NA,NA,3,6,NA,14.32711998
87585,2013-01-01,NA,NA,0,2,12.2,27.60652152
87585,2013-01-02,NA,NA,0,2,11.9,28.03523682
87585,2013-01-03,NA,NA,0,1,12.5,31.5039483
87585,2013-01-04,NA,NA,13,NA,10.2,28.31016792
87585,2013-01-05,NA,NA,0,3,7.9,22.9337538
87585,2013-01-06,NA,NA,0,4,11.2,26.24327178
87585,2013-01-07,NA,NA,0,2,11,23.86066674
87585,2013-01-08,NA,NA,0,7,NA,15.99086226
87585,2013-01-09,NA,NA,0,1,11.7,29.0512935
87585,2013-01-10,NA,NA,0,0,12.9,31.26667104
87585,2013-01-11,NA,NA,0,2,12.5,31.49677278
87585,2013-01-12,NA,NA,0,4,NA,28.55306454
87585,2013-01-13,NA,NA,0,1,12.4,30.76939782
87585,2013-01-14,NA,NA,0,3,NA,28.43494566
87585,2013-01-15,NA,NA,0,0,12.5,30.82895994
87585,2013-01-16,NA,NA,32,5,6,23.26486122
87585,2013-01-17,NA,NA,0,NA,7.2,20.51829786
87585,2013-01-18,NA,NA,0,3,12,23.57378244
87585,2013-01-19,NA,NA,0,NA,1,9.35334378
87585,2013-01-20,NA,NA,0,3,8.7,25.75212474
87585,2013-01-21,NA,NA,0,2,12.1,30.76648416
87585,2013-01-22,NA,NA,0,5,10.5,29.87295162
87585,2013-01-23,NA,NA,15,4,9.2,22.93570398
87585,2013-01-24,NA,NA,0,2,8.2,NA
87585,2013-01-25,NA,NA,0,2,11.3,27.99220212
87585,2013-01-26,NA,NA,0,0,12.7,30.64650516
87585,2013-01-27,NA,NA,0,0,12.2,30.2272635
87585,2013-01-28,NA,NA,0,3,11.1,28.00267422
87585,2013-01-29,NA,NA,0,5,9.2,23.49140226
87585,2013-01-30,NA,NA,0,2,NA,27.61557186
87585,2013-01-31,NA,NA,0,7,7.9,17.6398593
87585,2013-02-01,NA,NA,22,3,NA,27.46027074
87585,2013-02-02,NA,NA,0,7,5.5,17.41615008
87585,2013-02-03,NA,NA,0,1,NA,30.52896426
87585,2013-02-04,NA,NA,0,1,12,30.5630925
87585,2013-02-05,NA,NA,0,1,11.8,30.01628688
87585,2013-02-06,NA,NA,0,0,12.1,29.9051934
87585,2013-02-07,NA,NA,0,3,12.1,29.37134868
87585,2013-02-08,NA,NA,0,1,11.6,29.0737788
87585,2013-02-09,NA,NA,0,1,12,29.35433178
87585,2013-02-10,NA,NA,43,5,8,23.7146601
87585,2013-02-11,NA,NA,0,5,NA,19.85807718
87585,2013-02-12,NA,NA,0,3,9.6,25.24778358
87585,2013-02-13,NA,NA,0,6,4,15.82831002
87585,2013-02-14,NA,NA,0,4,8.3,16.65251688
87585,2013-02-15,NA,NA,0,2,12.3,27.80735496
87585,2013-02-16,NA,NA,0,3,10.3,26.50309824
87585,2013-02-17,NA,NA,0,7,2.9,16.17456792
87585,2013-02-18,NA,NA,2,5,9.8,23.48238684
87585,2013-02-19,NA,NA,10,7,NA,4.49725872
87585,2013-02-20,NA,NA,33,8,0,8.24417525999998
87585,2013-02-21,NA,NA,0,5,8,19.6756401
87585,2013-02-22,NA,NA,0,4,11.4,25.1437338
87585,2013-02-23,NA,NA,19,5,3.8,17.48844552
87585,2013-02-24,NA,NA,0,6,7.1,16.5382923
87585,2013-02-25,NA,NA,0,3,NA,21.70009518
87585,2013-02-26,NA,NA,0,0,10.8,27.0784224
87585,2013-02-27,NA,NA,0,0,11,25.42529334
87585,2013-02-28,NA,NA,0,1,11.4,25.58789736
87585,2013-03-01,NA,NA,45,4,9,23.89595778
87585,2013-03-02,NA,NA,0,5,6.8,17.47849962
87585,2013-03-03,NA,NA,0,3,6.3,11.5359387
87585,2013-03-04,NA,NA,0,3,9.9,21.89739732
87585,2013-03-05,NA,NA,0,2,10.1,22.8490425
87585,2013-03-06,NA,NA,0,1,11.9,24.66404844
87585,2013-03-07,NA,NA,0,2,10.5,NA
87585,2013-03-08,NA,NA,15,3,9.6,NA
87585,2013-03-09,NA,NA,0.8,5,7.8,NA
87585,2013-03-10,NA,NA,0,2,10.7,NA
87585,2013-03-11,NA,NA,0,3,7.1,NA
87585,2013-03-12,NA,NA,0,2,10.8,NA
87585,2013-03-13,NA,NA,0,4,2.2,NA
87585,2013-03-14,NA,NA,0,4,6.8,NA
87585,2013-03-15,NA,NA,0,5,6.4,NA
87585,2013-03-16,NA,NA,0,1,12,NA
87585,2013-03-17,NA,NA,0,3,9.5,NA
87585,2013-03-18,NA,NA,2,5,8.4,22.41936264
87585,2013-03-19,NA,NA,0,6,3.4,13.9001616
87585,2013-03-20,NA,NA,1,8,0,2.85378384
87585,2013-03-21,NA,NA,0,5,8.8,18.10455636
87585,2013-03-22,NA,NA,8,0,9.4,21.47201826
87585,2013-03-23,NA,NA,0,7,5.1,13.9451391
87585,2013-03-24,NA,NA,2,5,7.6,19.25022972
87585,2013-03-25,NA,NA,5,6,6,15.87604518
87585,2013-03-26,NA,NA,0,1,10.1,21.86476494
87585,2013-03-27,NA,NA,0,1,10.2,21.6299835
87585,2013-03-28,NA,NA,0,0,10.7,21.65650344
87585,2013-03-29,NA,NA,0,0,11.7,21.0143589
87585,2013-03-30,NA,NA,0,3,9.6,20.82037236
87585,2013-03-31,NA,NA,NA,6,NA,13.35364476
87585,2013-04-01,NA,NA,101,8,1.3,NA
87585,2013-04-02,NA,NA,35,8,1.4,NA
87585,2013-04-03,NA,NA,0,6,4,8.81106084
87585,2013-04-04,NA,NA,0,3,8.7,16.94403786
87585,2013-04-05,NA,NA,0,1,9.3,19.71666768
87585,2013-04-06,NA,NA,0,2,6.2,10.88665152
87585,2013-04-07,NA,NA,0,2,8.8,19.94095824
87585,2013-04-08,NA,NA,0,0,10.3,18.98398284
87585,2013-04-09,NA,NA,0,2,9.4,19.32894774
87585,2013-04-10,NA,NA,12,6,2.9,9.63534168
87585,2013-04-11,NA,NA,7,7,0,5.15178486
87585,2013-04-12,NA,NA,0,2,8.6,19.13103624
87585,2013-04-13,NA,NA,0,2,9.7,19.14027798
87585,2013-04-14,NA,NA,0,2,9.1,17.95186962
87585,2013-04-15,NA,NA,0,1,11,18.00648558
87585,2013-04-16,NA,NA,0,1,9.8,18.01814724
87585,2013-04-17,NA,NA,0,2,9.4,17.04090492
87585,2013-04-18,NA,NA,0,4,9.6,16.99012818
87585,2013-04-19,NA,NA,0,0,9.3,17.15590158
87585,2013-04-20,NA,NA,0,0,9.1,17.63852862
87585,2013-04-21,NA,NA,0,0,9,17.28901164
87585,2013-04-22,NA,NA,0,1,9.3,17.24913564
87585,2013-04-23,NA,NA,0,4,7.6,14.63905446
87585,2013-04-24,NA,NA,0,4,9.3,NA
87585,2013-04-25,NA,NA,0,3,9,15.2275317
87585,2013-04-26,NA,NA,0,0,9.2,15.71970858
87585,2013-04-27,NA,NA,28,6,2.7,7.12357158
87585,2013-04-28,NA,NA,0,5,NA,11.0329155
87585,2013-04-29,NA,NA,0,2,7.7,13.22088024
87585,2013-04-30,NA,NA,0,3,8.7,NA
87585,2013-05-01,NA,NA,0.5,7,4.3,8.0299581
87585,2013-05-02,NA,NA,8,8,0.4,4.82461116
87585,2013-05-03,NA,NA,12,8,0,2.36433726
87585,2013-05-04,NA,NA,0,3,7.5,14.79639042
87585,2013-05-05,NA,NA,0,0,10.4,15.25039092
87585,2013-05-06,NA,NA,0,1,7.9,12.95193438
87585,2013-05-07,NA,NA,0,3,8.2,13.91249598
87585,2013-05-08,NA,NA,0,2,8.3,NA
87585,2013-05-09,NA,NA,0,1,8.3,NA
87585,2013-05-10,NA,NA,8,6,8.2,NA
87585,2013-05-11,NA,NA,0,3,9.2,NA
87585,2013-05-12,NA,NA,0,1,9,13.77797148
87585,2013-05-13,NA,NA,0,6,6.2,9.79526682
87585,2013-05-14,NA,NA,25,5,4.8,10.26222168
87585,2013-05-15,NA,NA,0,4,7.6,13.0544364
87585,2013-05-16,NA,NA,0,1,9.1,13.990863
87585,2013-05-17,NA,NA,0,1,8.4,13.81861626
87585,2013-05-18,NA,NA,1,6,0,2.79544350000001
87585,2013-05-19,NA,NA,0.2,8,0.1,4.01329062
87585,2013-05-20,NA,NA,0,4,NA,7.11564684
87585,2013-05-21,NA,NA,NA,NA,NA,12.82811166
87585,2013-05-22,NA,NA,NA,NA,NA,3.03914178
87585,2013-05-23,NA,NA,0,NA,1.8,4.47161742
87585,2013-05-24,NA,NA,0,2,8,12.12683484
87585,2013-05-25,NA,NA,0,1,7.9,12.31058832
87585,2013-05-26,NA,NA,0,2,6.4,8.20367736
87585,2013-05-27,NA,NA,0,3,7.3,11.65914402
87585,2013-05-28,NA,NA,31,7,0.8,2.14362654
87585,2013-05-29,NA,NA,0,5,4.9,9.17315598000001
87585,2013-05-30,NA,NA,0,1,7.2,11.892231
87585,2013-05-31,NA,NA,0,5,NA,NA
87585,2013-06-01,NA,NA,0,2,5.1,10.59680682
87585,2013-06-02,NA,NA,0,5,2.6,5.55736704
87585,2013-06-03,NA,NA,0,1,8.2,11.97182142
87585,2013-06-04,NA,NA,0,3,7.5,9.5333862
87585,2013-06-05,NA,NA,0,3,4.8,9.4597773
87585,2013-06-06,NA,NA,0,2,8.5,11.47029984
87585,2013-06-07,NA,NA,0,1,9.2,11.50725294
87585,2013-06-08,NA,NA,NA,1,NA,11.93909298
87585,2013-06-09,NA,NA,1,8,0.2,3.77277624
87585,2013-06-10,NA,NA,0,4,5.8,8.87766683999999
87585,2013-06-11,NA,NA,0,2,4.7,8.50346754
87585,2013-06-12,NA,NA,0,2,6.9,9.76526706
87585,2013-06-13,NA,NA,0,3,8,9.66820775999999
87585,2013-06-14,NA,NA,0,4,7.2,10.15706022
87585,2013-06-15,NA,NA,0,2,7.1,11.25541608
87585,2013-06-16,NA,NA,4,6,0,1.23926244
87585,2013-06-17,NA,NA,0,2,6.8,11.39736756
87585,2013-06-18,NA,NA,NA,3,NA,6.9494868
87585,2013-06-19,NA,NA,0,2,7.6,10.43676336
87585,2013-06-20,NA,NA,0,2,7.2,11.04625428
87585,2013-06-21,NA,NA,0,1,NA,11.10985404
87585,2013-06-22,NA,NA,0,5,7.2,10.35332298
87585,2013-06-23,NA,NA,0,7,2.9,7.52886432
87585,2013-06-24,NA,NA,0,4,NA,7.24262142000001
87585,2013-06-26,NA,NA,0,2,NA,10.47664944
87585,2013-06-27,NA,NA,0,4,6.3,9.68793132000001
87585,2013-06-28,NA,NA,0,7,0,2.06284038
87585,2013-06-29,NA,NA,0,0,8.8,NA
87585,2013-06-30,NA,NA,0,3,6,NA
87585,2013-07-01,NA,NA,0,2,7,10.88383476
87585,2013-07-02,NA,NA,0,4,5.1,9.99320502000001
87585,2013-07-03,NA,NA,0,2,7.9,11.24463504
87585,2013-07-04,NA,NA,0,6,1.3,3.43872492
87585,2013-07-05,NA,NA,0,8,0.1,3.07933152
87585,2013-07-06,NA,NA,0,8,0.2,2.93602878
87585,2013-07-07,NA,NA,0,3,6,9.6537696
87585,2013-07-08,NA,NA,0,0,8.1,12.02984886
87585,2013-07-09,NA,NA,20,6,0,1.10884536
87585,2013-07-10,NA,NA,22,8,0,4.95968832
87585,2013-07-11,NA,NA,20,8,0,0.960577560000001
87585,2013-07-12,NA,NA,0,8,0.2,3.83855574
87585,2013-07-13,NA,NA,0,5,5.4,6.69515808
87585,2013-07-14,NA,NA,0,3,5.1,7.0339488
87585,2013-07-15,NA,NA,0,0,7.7,12.56213424
87585,2013-07-16,NA,NA,0,0,7.4,12.37316724
87585,2013-07-17,NA,NA,0,2,8.9,12.12651612
87585,2013-07-18,NA,NA,0,5,6.8,10.22609562
87585,2013-07-19,NA,NA,0,2,NA,11.71193526
87585,2013-07-20,NA,NA,0,4,5.7,10.15549494
87585,2013-07-21,NA,NA,0,5,0.2,3.62736876
87585,2013-07-22,NA,NA,0,7,0,3.65112798
87585,2013-07-23,NA,NA,0,4,NA,13.64332302
87585,2013-07-24,NA,NA,0,2,7.9,12.40688904
87585,2013-07-25,NA,NA,0,0,9,13.77872598
87585,2013-07-26,NA,NA,0,7,3.3,9.56609447999999
87585,2013-07-27,NA,NA,0,2,8.8,12.71512008
87585,2013-07-28,NA,NA,0,2,7,11.34353076
87585,2013-07-29,NA,NA,0,5,6.6,11.89741668
87585,2013-07-30,NA,NA,0,7,1.3,NA
87585,2013-07-31,NA,NA,0,6,4.7,NA
87585,2013-08-01,NA,NA,5,8,0,0.999559380000001
87585,2013-08-02,NA,NA,0,8,0.2,3.3863547
87585,2013-08-03,NA,NA,0,6,NA,12.72396738
87585,2013-08-04,NA,NA,0,2,8.2,14.27999352
87585,2013-08-05,NA,NA,0,4,9.2,12.63249894
87585,2013-08-06,NA,NA,0,3,5.8,13.9181403
87585,2013-08-07,NA,NA,0,4,6.1,10.6921176
87585,2013-08-08,NA,NA,0,5,7.4,13.71852732
87585,2013-08-09,NA,NA,0,1,7.7,16.16975262
87585,2013-08-10,NA,NA,0,3,NA,14.00664732
87585,2013-08-11,NA,NA,0,6,6.5,12.47793714
87585,2013-08-12,NA,NA,0,5,4.3,9.9254928
87585,2013-08-13,NA,NA,0,2,8.9,15.78808902
87585,2013-08-14,NA,NA,0,0,8.5,16.7794848
87585,2013-08-15,NA,NA,0,1,9.3,NA
87585,2013-08-16,NA,NA,0,2,8.6,NA
87585,2013-08-17,NA,NA,0,1,9.3,17.73832764
87585,2013-08-18,NA,NA,0,0,9.6,17.18283522
87585,2013-08-19,NA,NA,0,3,8.4,14.43706008
87585,2013-08-20,NA,NA,9,5,9.1,15.82642194
87585,2013-08-21,NA,NA,0,3,8.7,15.14694732
87585,2013-08-22,NA,NA,0,4,9.3,16.24987248
87585,2013-08-23,NA,NA,0,3,8.9,16.66278144
87585,2013-08-24,NA,NA,0,4,5.8,13.32785676
87585,2013-08-25,NA,NA,0,3,8,18.1338066
87585,2013-08-26,NA,NA,0,3,7.2,16.016889
87585,2013-08-27,NA,NA,0,2,9.5,18.45790446
87585,2013-08-28,NA,NA,0,1,10.5,18.08209296
87585,2013-08-29,NA,NA,0,1,10,17.97312906
87585,2013-08-30,NA,NA,0,1,10.3,NA
87585,2013-08-31,NA,NA,0,1,9.3,NA
87585,2013-09-01,NA,NA,0,3,8,16.18232502
87585,2013-09-02,NA,NA,0,3,7.7,15.799563
87585,2013-09-03,NA,NA,0,3,10.6,19.94484246
87585,2013-09-04,NA,NA,0,3,7.9,16.1549178
87585,2013-09-05,NA,NA,0,6,0.7,6.94969584
87585,2013-09-06,NA,NA,95,6,6.9,NA
87585,2013-09-07,NA,NA,23,7,0,NA
87585,2013-09-08,NA,NA,0,2,9.5,NA
87585,2013-09-09,NA,NA,0,5,6.5,NA
87585,2013-09-10,NA,NA,0,4,9.8,NA
87585,2013-09-11,NA,NA,0,4,9.1,NA
87585,2013-09-12,NA,NA,4,8,1.6,NA
87585,2013-09-13,NA,NA,0,8,0,NA
87585,2013-09-14,NA,NA,0,8,0,NA
87585,2013-09-15,NA,NA,18,8,0,NA
87585,2013-09-16,NA,NA,25,8,0,NA
87585,2013-09-17,NA,NA,0,6,9.5,NA
87585,2013-09-18,NA,NA,0,1,10.4,NA
87585,2013-09-19,NA,NA,0,0,NA,NA
87585,2013-09-20,NA,NA,0,3,10.4,NA
87585,2013-09-21,NA,NA,15,4,2.4,NA
87585,2013-09-22,NA,NA,0,6,2.1,NA
87585,2013-09-23,NA,NA,0,3,10.6,NA
87585,2013-09-24,NA,NA,0,1,10.9,NA
87585,2013-09-25,NA,NA,0,5,5.5,NA
87585,2013-09-26,NA,NA,0,2,8.2,NA
87585,2013-09-27,NA,NA,0,4,8.1,NA
87585,2013-09-28,NA,NA,26,7,0,NA
87585,2013-09-29,NA,NA,0,7,2.4,NA
87585,2013-09-30,NA,NA,0,4,5.4,NA
87585,2013-10-01,NA,NA,0,4,5.4,NA
87585,2013-10-02,NA,NA,0,4,6.5,NA
87585,2013-10-03,NA,NA,0,6,7.6,NA
87585,2013-10-04,NA,NA,0,5,7.9,NA
87585,2013-10-05,NA,NA,0,2,9.7,NA
87585,2013-10-06,NA,NA,0,0,10.6,NA
87585,2013-10-07,NA,NA,0,1,11.3,NA
87585,2013-10-08,NA,NA,0,2,NA,NA
87585,2013-10-09,NA,NA,10,6,5,NA
87585,2013-10-10,NA,NA,0,3,11.3,NA
87585,2013-10-11,NA,NA,0,6,6.5,NA
87585,2013-10-12,NA,NA,0,8,2.7,NA
87585,2013-10-13,NA,NA,0,6,8,NA
87585,2013-10-14,NA,NA,0,4,10.1,NA
87585,2013-10-15,NA,NA,0,2,9.7,NA
87585,2013-10-16,NA,NA,0,4,6.2,NA
87585,2013-10-17,NA,NA,0,5,4.7,NA
87585,2013-10-18,NA,NA,0,3,10.7,NA
87585,2013-10-19,NA,NA,7,5,9.1,NA
87585,2013-10-20,NA,NA,0.7,6,NA,NA
87585,2013-10-21,NA,NA,0,5,8.9,NA
87585,2013-10-22,NA,NA,0,5,6.8,NA
87585,2013-10-23,NA,NA,1,6,7.6,17.34725844
87585,2013-10-24,NA,NA,0,1,12.6,28.11180246
87585,2013-10-25,NA,NA,0,5,4.5,12.47363724
87585,2013-10-26,NA,NA,0,5,6.9,16.25527002
87585,2013-10-27,NA,NA,0,1,12.3,29.1246417
87585,2013-10-28,NA,NA,0,4,11.2,27.23305596
87585,2013-10-29,NA,NA,0,6,7.4,20.82945972
87585,2013-10-30,NA,NA,0,4,9.1,24.3099317399999
87585,2013-10-31,NA,NA,12,6,0,NA
87585,2013-11-01,NA,NA,66,8,0,NA
87585,2013-11-02,NA,NA,0,7,1.6,NA
87585,2013-11-03,NA,NA,0,2,12.1,NA
87585,2013-11-04,NA,NA,0,0,12.2,NA
87585,2013-11-05,NA,NA,0,1,12.7,29.51183388
87585,2013-11-06,NA,NA,0,0,11.8,30.31372698
87585,2013-11-07,NA,NA,20,6,3.2,4.80691458
87585,2013-11-08,NA,NA,0,6,1.9,10.36348416
87585,2013-11-09,NA,NA,0,5,8.6,23.0826888
87585,2013-11-10,NA,NA,0.3,7,5.9,16.86345678
87585,2013-11-11,NA,NA,0,8,0.5,11.41863162
87585,2013-11-12,NA,NA,0,1,12.5,30.30060972
87585,2013-11-13,NA,NA,0,1,12.6,30.27706704
87585,2013-11-15,NA,NA,0,4,10.3,24.7484502
87585,2013-11-16,NA,NA,0,0,12.4,30.62541966
87585,2013-11-17,NA,NA,0,1,13.5,31.39476612
87585,2013-11-18,NA,NA,0,5,9,23.49408138
87585,2013-11-19,NA,NA,1,4,3.7,16.0726422
87585,2013-11-20,NA,NA,0,5,3.6,NA
87585,2013-11-21,26.8,14.5,0,1,11.7,NA
87585,2013-11-22,32.5,16.6,0,1,12.7,30.68293938
87585,2013-11-23,29.3,18.5,0,2,12.2,31.02486138
87585,2013-11-24,31.6,19.8,6,6,9.1,26.48667
87585,2013-11-25,28.5,19.3,4,8,0.2,11.14363686
87585,2013-11-26,21.3,14.7,21,8,NA,6.28999775999999
87585,2013-11-28,NA,NA,0,2,12,30.55084338
87585,2013-11-29,NA,NA,0,1,13,NA
87585,2013-11-30,NA,NA,0,2,12.7,NA
87585,2013-12-01,NA,NA,0,4,9.6,NA
87585,2013-12-02,NA,NA,5,3,10.9,27.1465212
87585,2013-12-03,NA,NA,0,0,12.7,32.09273166
87585,2013-12-04,NA,NA,0,0,11.9,30.65499924
87585,2013-12-05,NA,NA,0,1,12.5,23.29876044
87585,2013-12-06,NA,NA,0,1,12.5,30.64374486
87585,2013-12-07,NA,NA,0,1,12.6,30.81640986
87585,2013-12-08,NA,NA,3,6,4.1,23.05183986
87585,2013-12-09,NA,NA,0,6,6.1,16.86646242
87585,2013-12-10,NA,NA,0,4,13,26.72796894
87585,2013-12-11,NA,NA,0,2,13.4,31.4150856
87585,2013-12-12,NA,NA,0,6,9.2,26.62509216
87585,2013-12-13,NA,NA,0,1,12.2,30.74118468
87585,2013-12-14,NA,NA,0,3,11.7,26.03093454
87585,2013-12-15,NA,NA,5,6,4.7,22.2686721
87585,2013-12-16,NA,NA,0,3,12.3,29.80541016
87585,2013-12-17,NA,NA,0,2,11.9,28.74061632
87585,2013-12-18,NA,NA,55,5,3.5,19.6452405
87585,2013-12-19,NA,NA,0,3,10.2,29.51992638
87585,2013-12-20,NA,NA,0,1,12.7,NA
87585,2013-12-21,NA,NA,0,1,NA,31.06936716
87585,2013-12-22,NA,NA,0,1,13.5,30.54485736
87585,2013-12-23,NA,NA,0,1,13,NA
87585,2013-12-24,NA,NA,0,2,12,NA
87585,2013-12-25,NA,NA,0,3,11.4,29.0991675
87585,2013-12-26,NA,NA,0,5,6.8,21.37820844
87585,2013-12-27,NA,NA,0,3,5.8,17.91228786
87585,2013-12-28,NA,NA,0,3,7.9,NA
87585,2013-12-29,NA,NA,0,5,6.6,NA
87585,2013-12-30,NA,NA,0,3,6.9,NA
87585,2013-12-31,NA,NA,0,6,2.9,NA
87585,2014-01-01,NA,NA,NA,NA,NA,NA
87585,2014-01-02,NA,NA,NA,NA,NA,9.76090494
87585,2014-01-03,NA,NA,NA,NA,NA,31.64800062
87585,2014-01-04,NA,NA,NA,NA,NA,31.5138294
87585,2014-01-05,NA,NA,NA,NA,NA,30.6016788
87585,2014-01-06,NA,NA,NA,NA,NA,31.21498278
87585,2014-01-07,NA,NA,NA,NA,NA,5.59415009999999
87585,2014-01-08,NA,NA,NA,NA,NA,31.39851252
87585,2014-01-09,NA,NA,NA,NA,NA,20.35427226
87585,2014-01-10,NA,NA,NA,NA,NA,23.24879658
87585,2014-01-11,NA,NA,NA,NA,NA,30.54996414
87585,2014-01-12,NA,NA,NA,NA,NA,27.89271324
87585,2014-01-13,NA,NA,NA,NA,NA,31.31759466
87585,2014-01-14,NA,NA,NA,NA,NA,29.93767992
87585,2014-01-15,NA,NA,NA,NA,NA,27.91049538
87585,2014-01-16,NA,NA,NA,NA,NA,28.58689902
87585,2014-01-17,NA,NA,NA,NA,NA,29.1806274
87585,2014-01-18,NA,NA,NA,NA,NA,29.63936202
87585,2014-01-19,NA,NA,NA,NA,NA,28.60325388
87585,2014-01-20,NA,NA,NA,NA,NA,25.30610508
87585,2014-01-21,NA,NA,NA,NA,NA,13.92485916
87585,2014-01-22,NA,NA,NA,NA,NA,14.57891982
87585,2014-01-23,NA,NA,NA,NA,NA,21.8515278
87585,2014-01-24,NA,NA,NA,NA,NA,14.551995
87585,2014-01-25,NA,NA,NA,NA,NA,30.80138724
87585,2014-01-26,NA,NA,NA,NA,NA,29.63294118
87585,2014-01-27,NA,NA,NA,NA,NA,29.53541556
87585,2014-01-28,NA,NA,NA,NA,NA,12.65148462
87585,2014-01-29,NA,NA,NA,NA,NA,16.66240296
87585,2014-01-30,NA,NA,NA,NA,NA,16.39488816
87585,2014-01-31,NA,NA,NA,NA,NA,NA
87585,2014-02-01,NA,NA,NA,NA,NA,NA
87585,2014-02-02,NA,NA,NA,NA,NA,9.26086446
87585,2014-02-03,NA,NA,NA,NA,NA,9.50140703999999
87585,2014-02-04,NA,NA,NA,NA,NA,24.24795858
87585,2014-02-05,NA,NA,NA,NA,NA,21.9773541
87585,2014-02-06,NA,NA,NA,NA,NA,4.17533394
87585,2014-02-07,NA,NA,NA,NA,NA,7.62580463999999
87585,2014-02-08,NA,NA,NA,NA,NA,19.23931728
87585,2014-02-09,NA,NA,NA,NA,NA,19.11739092
87585,2014-02-10,NA,NA,NA,NA,NA,8.63543537999999
87585,2014-02-11,NA,NA,NA,NA,NA,6.64370874
87585,2014-02-12,NA,NA,NA,NA,NA,25.60924734
87585,2014-02-13,NA,NA,NA,NA,NA,13.10644194
87585,2014-02-14,NA,NA,NA,NA,NA,27.98853654
87585,2014-02-15,NA,NA,NA,NA,NA,23.14923552
87585,2014-02-16,NA,NA,NA,NA,NA,23.41029912
87585,2014-02-17,NA,NA,NA,NA,NA,20.56362114
87585,2014-02-18,NA,NA,NA,NA,NA,15.4504296
87585,2014-02-19,NA,NA,NA,NA,NA,9.28935767999998
87585,2014-02-20,NA,NA,NA,NA,NA,16.30018356
87585,2014-02-21,NA,NA,NA,NA,NA,16.18193088
87585,2014-02-22,NA,NA,NA,NA,NA,15.04383252
87585,2014-02-23,NA,NA,NA,NA,NA,24.3841521
87585,2014-02-24,NA,NA,NA,NA,NA,22.51628544
87585,2014-02-25,NA,NA,NA,NA,NA,16.878117
87585,2014-02-26,NA,NA,NA,NA,NA,9.90416772
87585,2014-02-27,NA,NA,NA,NA,NA,25.42116042
87585,2014-02-28,NA,NA,NA,NA,NA,NA
87585,2014-03-01,NA,NA,NA,NA,NA,NA
87585,2014-03-02,NA,NA,NA,NA,NA,24.49170816
87585,2014-03-03,NA,NA,NA,NA,NA,16.79076042
87585,2014-03-04,NA,NA,NA,NA,NA,16.74348606
87585,2014-03-05,NA,NA,NA,NA,NA,21.3192843
87585,2014-03-06,NA,NA,NA,NA,NA,19.74406008
87585,2014-03-07,NA,NA,NA,NA,NA,25.03088094
87585,2014-03-08,NA,NA,NA,NA,NA,24.53240412
87585,2014-03-09,NA,NA,NA,NA,NA,12.60962352
87585,2014-03-10,NA,NA,NA,NA,NA,24.11089572
87585,2014-03-11,NA,NA,NA,NA,NA,24.1207674
87585,2014-03-12,NA,NA,NA,NA,NA,23.99162526
87585,2014-03-13,NA,NA,NA,NA,NA,23.84983446
87585,2014-03-14,NA,NA,NA,NA,NA,4.74867552
87585,2014-03-15,NA,NA,NA,NA,NA,22.81901196
87585,2014-03-16,NA,NA,NA,NA,NA,18.42491586
87585,2014-03-17,NA,NA,NA,NA,NA,20.84372478
87585,2014-03-18,NA,NA,NA,NA,NA,18.5470806
87585,2014-03-19,NA,NA,NA,NA,NA,14.84467242
87585,2014-03-20,NA,NA,NA,NA,NA,12.59528082
87585,2014-03-21,NA,NA,NA,NA,NA,18.80424312
87585,2014-03-22,NA,NA,NA,NA,NA,22.03142862
87585,2014-03-23,NA,NA,NA,NA,NA,21.7435761
87585,2014-03-24,NA,NA,NA,NA,NA,20.9373129
87585,2014-03-25,NA,NA,NA,NA,NA,20.66795064
87585,2014-03-26,NA,NA,NA,NA,NA,5.84251398
87585,2014-03-27,NA,NA,NA,NA,NA,10.41615402
87585,2014-03-28,NA,NA,NA,NA,NA,16.36712238
87585,2014-03-29,NA,NA,NA,NA,NA,17.30580876
87585,2014-03-30,NA,NA,NA,NA,NA,3.40058304
